{
    "niter": 7183,
    "logz": -122.26251000779075,
    "logzerr": 0.3266307044088788,
    "logz_bs": -122.27025213499198,
    "logz_single": -122.26251000779075,
    "logzerr_tail": 0.024010365135055167,
    "logzerr_bs": 0.32574701752851354,
    "ess": 1992.4911669408536,
    "H": 11.681396423299148,
    "Herr": 0.1510758084771945,
    "posterior": {
        "mean": [
            1.5090967995481865,
            0.2651924251478999,
            1.8046764370014197
        ],
        "stdev": [
            0.2474554990073129,
            0.34637562801518207,
            0.5539008534338542
        ],
        "median": [
            1.4853073185829653,
            0.16051435626700525,
            1.7645857753543122
        ],
        "errlo": [
            1.264433179700322,
            0.04708107372933034,
            1.2442125095813945
        ],
        "errup": [
            1.7477400156181375,
            0.46563730618159394,
            2.3783116199616194
        ],
        "information_gain_bits": [
            3.809840180658633,
            -0.7269794948038787,
            3.8756292906163727
        ]
    },
    "maximum_likelihood": {
        "logl": -108.96338111442313,
        "point": [
            1.3047658004252665,
            0.06215772677698915,
            2.272011930635403
        ],
        "point_untransformed": [
            0.020264498693981538,
            0.01243154535539783,
            0.0206546539148673
        ]
    },
    "ncall": 24696,
    "paramnames": [
        "apec1.kT",
        "apec1.Abundanc",
        "apec1.norm"
    ],
    "logzerr_single": 0.1708902895376091,
    "insertion_order_MWW_test": {
        "independent_iterations": Infinity,
        "converged": true
    }
}