"apec1.kT_mean", "apec1.kT_stdev", "apec1.kT_median", "apec1.kT_errlo", "apec1.kT_errup", "apec1.norm_mean", "apec1.norm_stdev", "apec1.norm_median", "apec1.norm_errlo", "apec1.norm_errup"
1.856915747443679710e+00,8.955046503998577156e-01,1.009722099403291412e-01,8.967491563761623152e-02,1.869009592283112031e+00,8.940771308695847353e-01,1.749474928864252377e+00,8.069017367830436660e-01,1.966821174114860238e+00,9.855382831622042650e-01
