{
    "niter": 2723,
    "logz": -11.840240993837723,
    "logzerr": 0.13768921635623801,
    "logz_bs": -11.86289394597011,
    "logz_single": -11.840240993837723,
    "logzerr_tail": 0.03972184235306386,
    "logzerr_bs": 0.13183510739129112,
    "ess": 1231.5516536321572,
    "H": 2.095661015252695,
    "Herr": 0.0561456183018025,
    "posterior": {
        "mean": [
            4.047571480968916,
            0.23722600310244968,
            1.011279481897838
        ],
        "stdev": [
            0.18203244037587946,
            0.042036797050561965,
            0.3374420300593694
        ],
        "median": [
            4.04806450869669,
            0.23755532984442737,
            1.0006515692690194
        ],
        "errlo": [
            3.86128526526051,
            0.1940458486689629,
            0.6728616931467196
        ],
        "errup": [
            4.231125586996336,
            0.2788987644370529,
            1.3545282172924817
        ],
        "information_gain_bits": [
            -5.163205905657431,
            -5.16848503704829,
            2.2434684637994415
        ]
    },
    "maximum_likelihood": {
        "logl": -9.163416800386218,
        "point": [
            3.6290734620671987,
            0.29785845272486244,
            1.0089905674203838
        ],
        "point_untransformed": [
            0.010673249822821002,
            0.9291618496678866,
            0.0917264152200349
        ]
    },
    "ncall": 3996,
    "paramnames": [
        "apec1.kT",
        "apec1.Abundanc",
        "apec1.norm"
    ],
    "logzerr_single": 0.07238199042670584,
    "insertion_order_MWW_test": {
        "independent_iterations": Infinity,
        "converged": true
    }
}