{
    "niter": 26250,
    "logz": -195.94112685311555,
    "logzerr": 0.7003241897940604,
    "logz_bs": -195.9466642024435,
    "logz_single": -195.94112685311555,
    "logzerr_tail": 0.016269417482334347,
    "logzerr_bs": 0.7001351847075625,
    "ess": 2013.0315930798054,
    "H": 58.829784587685765,
    "Herr": 0.3468064102263129,
    "posterior": {
        "mean": [
            1.8569157474436797,
            0.8955046503998577
        ],
        "stdev": [
            0.10097220994032914,
            0.08967491563761623
        ],
        "median": [
            1.869009592283112,
            0.8940771308695847
        ],
        "errlo": [
            1.7494749288642524,
            0.8069017367830437
        ],
        "errup": [
            1.9668211741148602,
            0.9855382831622043
        ],
        "information_gain_bits": [
            -0.31163319222680635,
            4.14647919764959
        ]
    },
    "maximum_likelihood": {
        "logl": -135.36532222842672,
        "point": [
            2.0092564117079257,
            0.9107113724563657
        ],
        "point_untransformed": [
            0.9795532401703587,
            9.107113724563657e-25
        ]
    },
    "ncall": 33633,
    "paramnames": [
        "apec1.kT",
        "apec1.norm"
    ],
    "logzerr_single": 0.3835028832606274,
    "insertion_order_MWW_test": {
        "independent_iterations": Infinity,
        "converged": true
    }
}